,State,County,City,Median Sale Price,Date,Month,Year,Region
50,California,"Santa Clara, CA",Santa Clara,465000,2/1/2012,2,2012,"Santa Clara County, CA"
64,California,"Santa Clara, CA",Santa Clara,690000,10/1/2013,10,2013,"Santa Clara County, CA"
84,California,"Alameda, CA",Alameda,782000,9/1/2015,9,2015,"Alameda County, CA"
109,California,"Santa Clara, CA",Santa Clara,541000,3/1/2012,3,2012,"Santa Clara County, CA"
125,California,"Alameda, CA",Alameda,488000,9/1/2012,9,2012,"Alameda County, CA"
158,California,"Alameda, CA",Alameda,630000,6/1/2013,6,2013,"Alameda County, CA"
175,California,"Alameda, CA",Alameda,615000,12/1/2013,12,2013,"Alameda County, CA"
222,California,"Alameda, CA",Alameda,775000,3/1/2015,3,2015,"Alameda County, CA"
241,California,"Alameda, CA",Alameda,755000,8/1/2015,8,2015,"Alameda County, CA"
351,California,"Alameda, CA",Alameda,850000,5/1/2016,5,2016,"Alameda County, CA"
363,California,"Alameda, CA",Alameda,880000,12/1/2016,12,2016,"Alameda County, CA"
385,California,"Santa Clara, CA",Santa Clara,1325000,12/1/2017,12,2017,"Santa Clara County, CA"
399,California,"Santa Clara, CA",Santa Clara,545000,7/1/2012,7,2012,"Santa Clara County, CA"
464,California,"Santa Clara, CA",Santa Clara,898000,7/1/2015,7,2015,"Santa Clara County, CA"
479,California,"Santa Clara, CA",Santa Clara,895000,3/1/2016,3,2016,"Santa Clara County, CA"
488,California,"Alameda, CA",Alameda,827000,8/1/2016,8,2016,"Alameda County, CA"
614,California,"Alameda, CA",Alameda,568000,8/1/2013,8,2013,"Alameda County, CA"
618,California,"Alameda, CA",Alameda,655000,9/1/2013,9,2013,"Alameda County, CA"
630,California,"Santa Clara, CA",Santa Clara,690000,11/1/2013,11,2013,"Santa Clara County, CA"
714,California,"Alameda, CA",Alameda,518000,6/1/2012,6,2012,"Alameda County, CA"
727,California,"Santa Clara, CA",Santa Clara,601000,8/1/2012,8,2012,"Santa Clara County, CA"
762,California,"Santa Clara, CA",Santa Clara,635000,5/1/2013,5,2013,"Santa Clara County, CA"
763,California,"Alameda, CA",Alameda,605000,5/1/2013,5,2013,"Alameda County, CA"
820,California,"Santa Clara, CA",Santa Clara,741000,5/1/2014,5,2014,"Santa Clara County, CA"
826,California,"Alameda, CA",Alameda,799000,6/1/2014,6,2014,"Alameda County, CA"
833,California,"Santa Clara, CA",Santa Clara,785000,8/1/2014,8,2014,"Santa Clara County, CA"
836,California,"Santa Clara, CA",Santa Clara,785000,9/1/2014,9,2014,"Santa Clara County, CA"
849,California,"Santa Clara, CA",Santa Clara,748000,11/1/2014,11,2014,"Santa Clara County, CA"
889,California,"Alameda, CA",Alameda,785000,7/1/2015,7,2015,"Alameda County, CA"
1002,California,"Santa Clara, CA",Santa Clara,1160000,6/1/2017,6,2017,"Santa Clara County, CA"
1017,California,"Santa Clara, CA",Santa Clara,1140000,10/1/2017,10,2017,"Santa Clara County, CA"
1054,California,"Alameda, CA",Alameda,402000,2/1/2012,2,2012,"Alameda County, CA"
1058,California,"Alameda, CA",Alameda,439000,3/1/2012,3,2012,"Alameda County, CA"
1165,California,"Santa Clara, CA",Santa Clara,670000,8/1/2013,8,2013,"Santa Clara County, CA"
1172,California,"Santa Clara, CA",Santa Clara,642000,9/1/2013,9,2013,"Santa Clara County, CA"
1230,California,"Alameda, CA",Alameda,710000,9/1/2014,9,2014,"Alameda County, CA"
1302,California,"Alameda, CA",Alameda,780000,6/1/2015,6,2015,"Alameda County, CA"
1441,California,"Santa Clara, CA",Santa Clara,638000,6/1/2012,6,2012,"Santa Clara County, CA"
1483,California,"Santa Clara, CA",Santa Clara,615000,1/1/2013,1,2013,"Santa Clara County, CA"
1488,California,"Alameda, CA",Alameda,549000,2/1/2013,2,2013,"Alameda County, CA"
1515,California,"Santa Clara, CA",Santa Clara,684000,4/1/2013,4,2013,"Santa Clara County, CA"
1536,California,"Alameda, CA",Alameda,650000,7/1/2013,7,2013,"Alameda County, CA"
1587,California,"Santa Clara, CA",Santa Clara,735000,12/1/2013,12,2013,"Santa Clara County, CA"
1596,California,"Alameda, CA",Alameda,726000,2/1/2014,2,2014,"Alameda County, CA"
1615,California,"Santa Clara, CA",Santa Clara,708000,4/1/2014,4,2014,"Santa Clara County, CA"
1647,California,"Alameda, CA",Alameda,721000,10/1/2014,10,2014,"Alameda County, CA"
1765,California,"Alameda, CA",Alameda,503000,5/1/2012,5,2012,"Alameda County, CA"
1812,California,"Santa Clara, CA",Santa Clara,585000,10/1/2012,10,2012,"Santa Clara County, CA"
1814,California,"Alameda, CA",Alameda,508000,11/1/2012,11,2012,"Alameda County, CA"
1822,California,"Alameda, CA",Alameda,515000,12/1/2012,12,2012,"Alameda County, CA"
1877,California,"Santa Clara, CA",Santa Clara,695000,6/1/2013,6,2013,"Santa Clara County, CA"
1953,California,"Alameda, CA",Alameda,725000,4/1/2014,4,2014,"Alameda County, CA"
2013,California,"Alameda, CA",Alameda,680000,11/1/2014,11,2014,"Alameda County, CA"
2126,California,"Santa Clara, CA",Santa Clara,600000,5/1/2012,5,2012,"Santa Clara County, CA"
2145,California,"Alameda, CA",Alameda,520000,8/1/2012,8,2012,"Alameda County, CA"
2198,California,"Santa Clara, CA",Santa Clara,593000,12/1/2012,12,2012,"Santa Clara County, CA"
2293,California,"Alameda, CA",Alameda,625000,10/1/2013,10,2013,"Alameda County, CA"
2435,California,"Santa Clara, CA",Santa Clara,804000,1/1/2015,1,2015,"Santa Clara County, CA"
2524,California,"Santa Clara, CA",Santa Clara,903000,11/1/2015,11,2015,"Santa Clara County, CA"
2530,California,"Alameda, CA",Alameda,810000,12/1/2015,12,2015,"Alameda County, CA"
2630,California,"Santa Clara, CA",Santa Clara,914000,11/1/2016,11,2016,"Santa Clara County, CA"
2642,California,"Alameda, CA",Alameda,792000,1/1/2017,1,2017,"Alameda County, CA"
2741,California,"Santa Clara, CA",Santa Clara,1175000,9/1/2017,9,2017,"Santa Clara County, CA"
2785,California,"Alameda, CA",Alameda,875000,3/1/2018,3,2018,"Alameda County, CA"
2792,California,"Santa Clara, CA",Santa Clara,1410000,3/1/2018,3,2018,"Santa Clara County, CA"
2834,California,"Santa Clara, CA",Santa Clara,483000,4/1/2012,4,2012,"Santa Clara County, CA"
2952,California,"Alameda, CA",Alameda,700000,3/1/2014,3,2014,"Alameda County, CA"
2982,California,"Alameda, CA",Alameda,780000,8/1/2014,8,2014,"Alameda County, CA"
3039,California,"Santa Clara, CA",Santa Clara,910000,6/1/2015,6,2015,"Santa Clara County, CA"
3056,California,"Santa Clara, CA",Santa Clara,888000,9/1/2015,9,2015,"Santa Clara County, CA"
3311,California,"San Francisco, CA",San Francisco,825000,2/1/2013,2,2013,"San Francisco County, CA"
3321,California,"Santa Clara, CA",Santa Clara,648000,3/1/2013,3,2013,"Santa Clara County, CA"
3329,California,"Alameda, CA",Alameda,657000,4/1/2013,4,2013,"Alameda County, CA"
3418,California,"Santa Clara, CA",Santa Clara,723000,1/1/2014,1,2014,"Santa Clara County, CA"
3431,California,"Santa Clara, CA",Santa Clara,735000,2/1/2014,2,2014,"Santa Clara County, CA"
3462,California,"Santa Clara, CA",Santa Clara,784000,6/1/2014,6,2014,"Santa Clara County, CA"
3571,California,"Santa Clara, CA",Santa Clara,856000,5/1/2015,5,2015,"Santa Clara County, CA"
3729,California,"Alameda, CA",Alameda,850000,9/1/2016,9,2016,"Alameda County, CA"
3773,California,"Santa Clara, CA",Santa Clara,923000,1/1/2017,1,2017,"Santa Clara County, CA"
4042,California,"Santa Clara, CA",Santa Clara,595000,9/1/2012,9,2012,"Santa Clara County, CA"
4045,California,"Alameda, CA",Alameda,562000,10/1/2012,10,2012,"Alameda County, CA"
4111,California,"Alameda, CA",Alameda,453000,3/1/2013,3,2013,"Alameda County, CA"
4129,California,"San Francisco, CA",San Francisco,915000,4/1/2013,4,2013,"San Francisco County, CA"
4280,California,"Alameda, CA",Alameda,640000,7/1/2014,7,2014,"Alameda County, CA"
4288,California,"Santa Clara, CA",Santa Clara,755000,7/1/2014,7,2014,"Santa Clara County, CA"
4324,California,"San Francisco, CA",San Francisco,1063000,10/1/2014,10,2014,"San Francisco County, CA"
4365,California,"Alameda, CA",Alameda,720000,2/1/2015,2,2015,"Alameda County, CA"
4402,California,"Santa Clara, CA",Santa Clara,850000,4/1/2015,4,2015,"Santa Clara County, CA"
4409,California,"Alameda, CA",Alameda,830000,5/1/2015,5,2015,"Alameda County, CA"
4489,California,"Alameda, CA",Alameda,800000,11/1/2015,11,2015,"Alameda County, CA"
4526,California,"Santa Clara, CA",Santa Clara,920000,1/1/2016,1,2016,"Santa Clara County, CA"
4591,California,"Santa Clara, CA",Santa Clara,955000,7/1/2016,7,2016,"Santa Clara County, CA"
4627,California,"Alameda, CA",Alameda,974000,10/1/2018,10,2018,"Alameda County, CA"
4797,California,"Alameda, CA",Alameda,521000,7/1/2012,7,2012,"Alameda County, CA"
4885,California,"San Francisco, CA",San Francisco,760000,1/1/2013,1,2013,"San Francisco County, CA"
4895,California,"San Mateo, CA",San Mateo,670000,2/1/2013,2,2013,"San Mateo County, CA"
4896,California,"Santa Clara, CA",Santa Clara,601000,2/1/2013,2,2013,"Santa Clara County, CA"
5023,California,"San Francisco, CA",San Francisco,925000,11/1/2013,11,2013,"San Francisco County, CA"
5672,California,"Napa, CA",Napa,382000,3/1/2013,3,2013,"Napa County, CA"
5704,California,"San Francisco, CA",San Francisco,912000,5/1/2013,5,2013,"San Francisco County, CA"
5899,California,"Alameda, CA",Alameda,655000,5/1/2014,5,2014,"Alameda County, CA"
5911,California,"San Francisco, CA",San Francisco,1050000,5/1/2014,5,2014,"San Francisco County, CA"
6187,California,"San Mateo, CA",San Mateo,1004000,10/1/2015,10,2015,"San Mateo County, CA"
6264,California,"Alameda, CA",Alameda,785000,3/1/2016,3,2016,"Alameda County, CA"
6313,California,"San Francisco, CA",San Francisco,1295000,5/1/2016,5,2016,"San Francisco County, CA"
6442,California,"San Mateo, CA",San Mateo,1100000,1/1/2017,1,2017,"San Mateo County, CA"
6573,California,"San Francisco, CA",San Francisco,1295000,9/1/2017,9,2017,"San Francisco County, CA"
6640,California,"San Francisco, CA",San Francisco,1250000,1/1/2018,1,2018,"San Francisco County, CA"
6775,California,"Santa Clara, CA",Santa Clara,1265000,9/1/2018,9,2018,"Santa Clara County, CA"
6851,California,"Alameda, CA",Alameda,1001000,9/1/2017,9,2017,"Alameda County, CA"
6857,California,"Alameda, CA",Alameda,815000,2/1/2018,2,2018,"Alameda County, CA"
6864,California,"Santa Clara, CA",Santa Clara,1185000,1/1/2019,1,2019,"Santa Clara County, CA"
7029,California,"San Francisco, CA",San Francisco,760000,7/1/2012,7,2012,"San Francisco County, CA"
7078,California,"Santa Clara, CA",Santa Clara,600000,11/1/2012,11,2012,"Santa Clara County, CA"
7089,California,"Alameda, CA",Alameda,522000,1/1/2013,1,2013,"Alameda County, CA"
7231,California,"Alameda, CA",Alameda,580000,1/1/2014,1,2014,"Alameda County, CA"
7241,California,"San Francisco, CA",San Francisco,987000,1/1/2014,1,2014,"San Francisco County, CA"
7278,California,"San Francisco, CA",San Francisco,1005000,4/1/2014,4,2014,"San Francisco County, CA"
7375,California,"Santa Clara, CA",Santa Clara,775000,10/1/2014,10,2014,"Santa Clara County, CA"
7394,California,"Alameda, CA",Alameda,689000,12/1/2014,12,2014,"Alameda County, CA"
7399,California,"San Francisco, CA",San Francisco,1056000,12/1/2014,12,2014,"San Francisco County, CA"
7420,California,"Santa Clara, CA",Santa Clara,780000,2/1/2015,2,2015,"Santa Clara County, CA"
7709,California,"San Mateo, CA",San Mateo,609000,2/1/2012,2,2012,"San Mateo County, CA"
7730,California,"Napa, CA",Napa,322000,4/1/2012,4,2012,"Napa County, CA"
7732,California,"Alameda, CA",Alameda,510000,4/1/2012,4,2012,"Alameda County, CA"
7742,California,"San Francisco, CA",San Francisco,753000,4/1/2012,4,2012,"San Francisco County, CA"
7798,California,"Napa, CA",Napa,384000,8/1/2012,8,2012,"Napa County, CA"
7828,California,"San Francisco, CA",San Francisco,768000,9/1/2012,9,2012,"San Francisco County, CA"
7847,California,"San Mateo, CA",San Mateo,731000,10/1/2012,10,2012,"San Mateo County, CA"
8091,California,"San Francisco, CA",San Francisco,866000,12/1/2013,12,2013,"San Francisco County, CA"
8237,California,"San Francisco, CA",San Francisco,982000,9/1/2014,9,2014,"San Francisco County, CA"
8283,California,"San Francisco, CA",San Francisco,1123000,11/1/2014,11,2014,"San Francisco County, CA"
8318,California,"Napa, CA",Napa,504000,2/1/2015,2,2015,"Napa County, CA"
8347,California,"Santa Clara, CA",Santa Clara,878000,3/1/2015,3,2015,"Santa Clara County, CA"
8390,California,"San Francisco, CA",San Francisco,1300000,5/1/2015,5,2015,"San Francisco County, CA"
8478,California,"Napa, CA",Napa,625000,11/1/2015,11,2015,"Napa County, CA"
8501,California,"Napa, CA",Napa,568000,12/1/2015,12,2015,"Napa County, CA"
8512,California,"Santa Clara, CA",Santa Clara,910000,12/1/2015,12,2015,"Santa Clara County, CA"
8583,California,"San Francisco, CA",San Francisco,1315000,4/1/2016,4,2016,"San Francisco County, CA"
8659,California,"Santa Clara, CA",Santa Clara,940000,8/1/2016,8,2016,"Santa Clara County, CA"
8722,California,"San Mateo, CA",San Mateo,1123000,12/1/2016,12,2016,"San Mateo County, CA"
8772,California,"San Francisco, CA",San Francisco,1275000,2/1/2017,2,2017,"San Francisco County, CA"
8877,California,"San Mateo, CA",San Mateo,1281000,8/1/2017,8,2017,"San Mateo County, CA"
8878,California,"Santa Clara, CA",Santa Clara,1185000,8/1/2017,8,2017,"Santa Clara County, CA"
9057,California,"Santa Clara, CA",Santa Clara,1261000,10/1/2018,10,2018,"Santa Clara County, CA"
9419,California,"Napa, CA",Napa,330000,5/1/2012,5,2012,"Napa County, CA"
9436,California,"San Mateo, CA",San Mateo,605000,5/1/2012,5,2012,"San Mateo County, CA"
9462,California,"San Mateo, CA",San Mateo,624000,6/1/2012,6,2012,"San Mateo County, CA"
9463,California,"San Francisco, CA",San Francisco,765000,6/1/2012,6,2012,"San Francisco County, CA"
9613,California,"San Mateo, CA",San Mateo,625000,12/1/2012,12,2012,"San Mateo County, CA"
9806,California,"Napa, CA",Napa,433000,9/1/2013,9,2013,"Napa County, CA"
9859,California,"Alameda, CA",Alameda,620000,11/1/2013,11,2013,"Alameda County, CA"
9974,California,"Santa Clara, CA",Santa Clara,769000,3/1/2014,3,2014,"Santa Clara County, CA"
9983,California,"Napa, CA",Napa,450000,4/1/2014,4,2014,"Napa County, CA"
10114,California,"Napa, CA",Napa,495000,9/1/2014,9,2014,"Napa County, CA"
10224,California,"Santa Clara, CA",Santa Clara,973000,10/1/2016,10,2016,"Santa Clara County, CA"
10244,California,"Alameda, CA",Alameda,900000,2/1/2017,2,2017,"Alameda County, CA"
10264,California,"Alameda, CA",Alameda,965000,7/1/2017,7,2017,"Alameda County, CA"
10354,California,"Alameda, CA",Alameda,975000,9/1/2018,9,2018,"Alameda County, CA"
10379,California,"Alameda, CA",Alameda,810000,1/1/2019,1,2019,"Alameda County, CA"
10787,California,"Napa, CA",Napa,324000,6/1/2012,6,2012,"Napa County, CA"
10835,California,"San Francisco, CA",San Francisco,750000,8/1/2012,8,2012,"San Francisco County, CA"
10836,California,"San Mateo, CA",San Mateo,627000,8/1/2012,8,2012,"San Mateo County, CA"
10855,California,"San Mateo, CA",San Mateo,652000,9/1/2012,9,2012,"San Mateo County, CA"
10897,California,"San Mateo, CA",San Mateo,715000,11/1/2012,11,2012,"San Mateo County, CA"
10917,California,"San Francisco, CA",San Francisco,825000,12/1/2012,12,2012,"San Francisco County, CA"
10948,California,"San Mateo, CA",San Mateo,714000,1/1/2013,1,2013,"San Mateo County, CA"
11002,California,"San Francisco, CA",San Francisco,900000,3/1/2013,3,2013,"San Francisco County, CA"
11047,California,"San Mateo, CA",San Mateo,717000,5/1/2013,5,2013,"San Mateo County, CA"
11423,California,"Alameda, CA",Alameda,806000,11/1/2016,11,2016,"Alameda County, CA"
11438,California,"Alameda, CA",Alameda,950000,5/1/2017,5,2017,"Alameda County, CA"
11495,California,"Santa Clara, CA",Santa Clara,1250000,11/1/2018,11,2018,"Santa Clara County, CA"
11712,California,"Napa, CA",Napa,329000,3/1/2012,3,2012,"Napa County, CA"
12105,California,"San Mateo, CA",San Mateo,828000,10/1/2013,10,2013,"San Mateo County, CA"
12167,California,"Napa, CA",Napa,471000,2/1/2014,2,2014,"Napa County, CA"
12224,California,"San Mateo, CA",San Mateo,810000,4/1/2014,4,2014,"San Mateo County, CA"
12271,California,"San Francisco, CA",San Francisco,1100000,6/1/2014,6,2014,"San Francisco County, CA"
12281,California,"Napa, CA",Napa,528000,7/1/2014,7,2014,"Napa County, CA"
12350,California,"San Mateo, CA",San Mateo,955000,10/1/2014,10,2014,"San Mateo County, CA"
12458,California,"Alameda, CA",Alameda,765000,4/1/2015,4,2015,"Alameda County, CA"
12643,California,"San Francisco, CA",San Francisco,1151000,1/1/2016,1,2016,"San Francisco County, CA"
13060,California,"San Francisco, CA",San Francisco,735000,5/1/2012,5,2012,"San Francisco County, CA"
13090,California,"Napa, CA",Napa,373000,7/1/2012,7,2012,"Napa County, CA"
13147,California,"Napa, CA",Napa,365000,10/1/2012,10,2012,"Napa County, CA"
13162,California,"San Francisco, CA",San Francisco,820000,10/1/2012,10,2012,"San Francisco County, CA"
13190,California,"Napa, CA",Napa,340000,12/1/2012,12,2012,"Napa County, CA"
13274,California,"San Mateo, CA",San Mateo,820000,4/1/2013,4,2013,"San Mateo County, CA"
13321,California,"San Francisco, CA",San Francisco,883000,6/1/2013,6,2013,"San Francisco County, CA"
13391,California,"San Mateo, CA",San Mateo,801000,9/1/2013,9,2013,"San Mateo County, CA"
13431,California,"Napa, CA",Napa,453000,11/1/2013,11,2013,"Napa County, CA"
13464,California,"San Mateo, CA",San Mateo,785000,12/1/2013,12,2013,"San Mateo County, CA"
13517,California,"San Francisco, CA",San Francisco,988000,2/1/2014,2,2014,"San Francisco County, CA"
13527,California,"Napa, CA",Napa,472000,3/1/2014,3,2014,"Napa County, CA"
13691,California,"Napa, CA",Napa,500000,10/1/2014,10,2014,"Napa County, CA"
13764,California,"Napa, CA",Napa,505000,1/1/2015,1,2015,"Napa County, CA"
13805,California,"San Mateo, CA",San Mateo,949000,2/1/2015,2,2015,"San Mateo County, CA"
13941,California,"San Mateo, CA",San Mateo,1070000,8/1/2015,8,2015,"San Mateo County, CA"
13988,California,"San Francisco, CA",San Francisco,1204000,10/1/2015,10,2015,"San Francisco County, CA"
14135,California,"Alameda, CA",Alameda,920000,4/1/2018,4,2018,"Alameda County, CA"
14395,California,"San Francisco, CA",San Francisco,674000,2/1/2012,2,2012,"San Francisco County, CA"
14612,California,"Napa, CA",Napa,389000,1/1/2013,1,2013,"Napa County, CA"
14712,California,"Napa, CA",Napa,485000,6/1/2013,6,2013,"Napa County, CA"
14745,California,"San Mateo, CA",San Mateo,765000,7/1/2013,7,2013,"San Mateo County, CA"
14757,California,"Napa, CA",Napa,500000,8/1/2013,8,2013,"Napa County, CA"
14771,California,"San Mateo, CA",San Mateo,820000,8/1/2013,8,2013,"San Mateo County, CA"
14809,California,"San Francisco, CA",San Francisco,929000,10/1/2013,10,2013,"San Francisco County, CA"
14872,California,"Napa, CA",Napa,500000,1/1/2014,1,2014,"Napa County, CA"
14903,California,"San Mateo, CA",San Mateo,853000,2/1/2014,2,2014,"San Mateo County, CA"
14975,California,"Napa, CA",Napa,490000,6/1/2014,6,2014,"Napa County, CA"
15008,California,"San Francisco, CA",San Francisco,1030000,7/1/2014,7,2014,"San Francisco County, CA"
15050,California,"San Mateo, CA",San Mateo,950000,9/1/2014,9,2014,"San Mateo County, CA"
15081,California,"Napa, CA",Napa,579000,11/1/2014,11,2014,"Napa County, CA"
15140,California,"San Francisco, CA",San Francisco,997000,1/1/2015,1,2015,"San Francisco County, CA"
15187,California,"Napa, CA",Napa,550000,4/1/2015,4,2015,"Napa County, CA"
15227,California,"Napa, CA",Napa,545000,6/1/2015,6,2015,"Napa County, CA"
15282,California,"Santa Clara, CA",Santa Clara,920000,8/1/2015,8,2015,"Santa Clara County, CA"
15351,California,"San Francisco, CA",San Francisco,1227000,11/1/2015,11,2015,"San Francisco County, CA"
15450,California,"Santa Clara, CA",Santa Clara,956000,4/1/2016,4,2016,"Santa Clara County, CA"
15511,California,"Alameda, CA",Alameda,750000,1/1/2015,1,2015,"Alameda County, CA"
15555,California,"Alameda, CA",Alameda,845000,2/1/2016,2,2016,"Alameda County, CA"
15565,California,"Santa Clara, CA",Santa Clara,975000,6/1/2016,6,2016,"Santa Clara County, CA"
15595,California,"Alameda, CA",Alameda,860000,3/1/2017,3,2017,"Alameda County, CA"
15631,California,"Alameda, CA",Alameda,885000,1/1/2018,1,2018,"Alameda County, CA"
16234,California,"San Mateo, CA",San Mateo,774000,3/1/2013,3,2013,"San Mateo County, CA"
16273,California,"Napa, CA",Napa,430000,5/1/2013,5,2013,"Napa County, CA"
16317,California,"San Mateo, CA",San Mateo,863000,6/1/2013,6,2013,"San Mateo County, CA"
16326,California,"Napa, CA",Napa,445000,7/1/2013,7,2013,"Napa County, CA"
16336,California,"Santa Clara, CA",Santa Clara,673000,7/1/2013,7,2013,"Santa Clara County, CA"
16365,California,"San Francisco, CA",San Francisco,880000,8/1/2013,8,2013,"San Francisco County, CA"
16398,California,"San Francisco, CA",San Francisco,876000,9/1/2013,9,2013,"San Francisco County, CA"
16438,California,"San Mateo, CA",San Mateo,750000,11/1/2013,11,2013,"San Mateo County, CA"
16451,California,"Napa, CA",Napa,420000,12/1/2013,12,2013,"Napa County, CA"
16531,California,"San Mateo, CA",San Mateo,820000,3/1/2014,3,2014,"San Mateo County, CA"
16635,California,"San Mateo, CA",San Mateo,907000,8/1/2014,8,2014,"San Mateo County, CA"
16709,California,"Napa, CA",Napa,445000,12/1/2014,12,2014,"Napa County, CA"
16718,California,"San Mateo, CA",San Mateo,960000,12/1/2014,12,2014,"San Mateo County, CA"
16806,California,"San Francisco, CA",San Francisco,1250000,4/1/2015,4,2015,"San Francisco County, CA"
16830,California,"San Mateo, CA",San Mateo,1183000,5/1/2015,5,2015,"San Mateo County, CA"
16864,California,"Napa, CA",Napa,592000,7/1/2015,7,2015,"Napa County, CA"
16911,California,"Alameda, CA",Alameda,880000,10/1/2015,10,2015,"Alameda County, CA"
16931,California,"Alameda, CA",Alameda,880000,1/1/2016,1,2016,"Alameda County, CA"
17055,California,"Santa Clara, CA",Santa Clara,1035000,3/1/2017,3,2017,"Santa Clara County, CA"
17062,California,"Alameda, CA",Alameda,902000,4/1/2017,4,2017,"Alameda County, CA"
17165,California,"Alameda, CA",Alameda,885000,5/1/2018,5,2018,"Alameda County, CA"
17167,California,"San Francisco, CA",San Francisco,1438000,5/1/2018,5,2018,"San Francisco County, CA"
17202,California,"Alameda, CA",Alameda,933000,11/1/2018,11,2018,"Alameda County, CA"
17216,California,"Alameda, CA",Alameda,1010000,2/1/2019,2,2019,"Alameda County, CA"
17605,California,"Napa, CA",Napa,320000,2/1/2012,2,2012,"Napa County, CA"
17640,California,"San Francisco, CA",San Francisco,699000,3/1/2012,3,2012,"San Francisco County, CA"
17670,California,"San Mateo, CA",San Mateo,590000,4/1/2012,4,2012,"San Mateo County, CA"
17777,California,"Napa, CA",Napa,354000,9/1/2012,9,2012,"Napa County, CA"
17898,California,"Napa, CA",Napa,420000,2/1/2013,2,2013,"Napa County, CA"
18118,California,"Santa Clara, CA",Santa Clara,920000,10/1/2015,10,2015,"Santa Clara County, CA"
18191,California,"Santa Clara, CA",Santa Clara,995000,5/1/2016,5,2016,"Santa Clara County, CA"
18194,California,"Alameda, CA",Alameda,851000,6/1/2016,6,2016,"Alameda County, CA"
18205,California,"Alameda, CA",Alameda,835000,7/1/2016,7,2016,"Alameda County, CA"
18275,California,"Santa Clara, CA",Santa Clara,1050000,4/1/2017,4,2017,"Santa Clara County, CA"
18294,California,"Alameda, CA",Alameda,914000,6/1/2017,6,2017,"Alameda County, CA"
18309,California,"Santa Clara, CA",Santa Clara,1110000,7/1/2017,7,2017,"Santa Clara County, CA"
18368,California,"Santa Clara, CA",Santa Clara,1500000,2/1/2018,2,2018,"Santa Clara County, CA"
18430,California,"Alameda, CA",Alameda,951000,12/1/2018,12,2018,"Alameda County, CA"
18877,California,"San Mateo, CA",San Mateo,715000,7/1/2012,7,2012,"San Mateo County, CA"
18942,California,"Napa, CA",Napa,368000,11/1/2012,11,2012,"Napa County, CA"
18958,California,"San Francisco, CA",San Francisco,810000,11/1/2012,11,2012,"San Francisco County, CA"
19039,California,"Napa, CA",Napa,425000,4/1/2013,4,2013,"Napa County, CA"
19094,California,"San Francisco, CA",San Francisco,880000,7/1/2013,7,2013,"San Francisco County, CA"
19413,California,"Alameda, CA",Alameda,910000,10/1/2017,10,2017,"Alameda County, CA"
19431,California,"Santa Clara, CA",Santa Clara,1200000,11/1/2017,11,2017,"Santa Clara County, CA"
19455,California,"Santa Clara, CA",Santa Clara,1306000,1/1/2018,1,2018,"Santa Clara County, CA"
19518,California,"Santa Clara, CA",Santa Clara,1350000,5/1/2018,5,2018,"Santa Clara County, CA"
19527,California,"Santa Clara, CA",Santa Clara,1420000,6/1/2018,6,2018,"Santa Clara County, CA"
19545,California,"Alameda, CA",Alameda,1014000,8/1/2018,8,2018,"Alameda County, CA"
19639,California,"Napa, CA",Napa,482000,10/1/2013,10,2013,"Napa County, CA"
19722,California,"San Mateo, CA",San Mateo,793000,1/1/2014,1,2014,"San Mateo County, CA"
19806,California,"Napa, CA",Napa,555000,5/1/2014,5,2014,"Napa County, CA"
19821,California,"San Mateo, CA",San Mateo,875000,5/1/2014,5,2014,"San Mateo County, CA"
19846,California,"San Mateo, CA",San Mateo,868000,6/1/2014,6,2014,"San Mateo County, CA"
19867,California,"San Mateo, CA",San Mateo,790000,7/1/2014,7,2014,"San Mateo County, CA"
19880,California,"Napa, CA",Napa,478000,8/1/2014,8,2014,"Napa County, CA"
19973,California,"Santa Clara, CA",Santa Clara,764000,12/1/2014,12,2014,"Santa Clara County, CA"
20040,California,"San Francisco, CA",San Francisco,1160000,3/1/2015,3,2015,"San Francisco County, CA"
20073,California,"Napa, CA",Napa,565000,5/1/2015,5,2015,"Napa County, CA"
20101,California,"San Francisco, CA",San Francisco,1225000,6/1/2015,6,2015,"San Francisco County, CA"
20120,California,"San Mateo, CA",San Mateo,1255000,7/1/2015,7,2015,"San Mateo County, CA"
20183,California,"Napa, CA",Napa,565000,10/1/2015,10,2015,"Napa County, CA"
20391,California,"Napa, CA",Napa,635000,7/1/2016,7,2016,"Napa County, CA"
20427,California,"San Francisco, CA",San Francisco,1196000,8/1/2016,8,2016,"San Francisco County, CA"
20493,California,"San Mateo, CA",San Mateo,1022000,11/1/2016,11,2016,"San Mateo County, CA"
20539,California,"San Francisco, CA",San Francisco,1140000,1/1/2017,1,2017,"San Francisco County, CA"
20548,California,"Napa, CA",Napa,532000,2/1/2017,2,2017,"Napa County, CA"
20720,California,"Napa, CA",Napa,600000,9/1/2017,9,2017,"Napa County, CA"
20779,California,"San Francisco, CA",San Francisco,1388000,11/1/2017,11,2017,"San Francisco County, CA"
20787,California,"Napa, CA",Napa,669000,12/1/2017,12,2017,"Napa County, CA"
20868,California,"Napa, CA",Napa,635000,3/1/2018,3,2018,"Napa County, CA"
21119,California,"San Mateo, CA",San Mateo,1255000,1/1/2019,1,2019,"San Mateo County, CA"
21120,California,"San Francisco, CA",San Francisco,1210000,1/1/2019,1,2019,"San Francisco County, CA"
21180,California,"Santa Clara, CA",Santa Clara,1450000,4/1/2018,4,2018,"Santa Clara County, CA"
21204,California,"Santa Clara, CA",Santa Clara,1351000,7/1/2018,7,2018,"Santa Clara County, CA"
21299,California,"San Francisco, CA",San Francisco,1023000,3/1/2014,3,2014,"San Francisco County, CA"
21399,California,"San Francisco, CA",San Francisco,1006000,8/1/2014,8,2014,"San Francisco County, CA"
21461,California,"San Mateo, CA",San Mateo,960000,11/1/2014,11,2014,"San Mateo County, CA"
21531,California,"San Mateo, CA",San Mateo,985000,3/1/2015,3,2015,"San Mateo County, CA"
21553,California,"San Mateo, CA",San Mateo,1098000,4/1/2015,4,2015,"San Mateo County, CA"
21616,California,"San Francisco, CA",San Francisco,1183000,7/1/2015,7,2015,"San Francisco County, CA"
21651,California,"Napa, CA",Napa,615000,9/1/2015,9,2015,"Napa County, CA"
21665,California,"San Francisco, CA",San Francisco,1180000,9/1/2015,9,2015,"San Francisco County, CA"
21748,California,"San Mateo, CA",San Mateo,980000,1/1/2016,1,2016,"San Mateo County, CA"
21767,California,"San Francisco, CA",San Francisco,1220000,2/1/2016,2,2016,"San Francisco County, CA"
21772,California,"Napa, CA",Napa,550000,3/1/2016,3,2016,"Napa County, CA"
21795,California,"Napa, CA",Napa,631000,4/1/2016,4,2016,"Napa County, CA"
21808,California,"Napa, CA",Napa,603000,5/1/2016,5,2016,"Napa County, CA"
21862,California,"San Mateo, CA",San Mateo,1202000,7/1/2016,7,2016,"San Mateo County, CA"
21901,California,"Napa, CA",Napa,610000,9/1/2016,9,2016,"Napa County, CA"
21919,California,"San Mateo, CA",San Mateo,1140000,9/1/2016,9,2016,"San Mateo County, CA"
21920,California,"San Francisco, CA",San Francisco,1153000,9/1/2016,9,2016,"San Francisco County, CA"
21928,California,"Napa, CA",Napa,580000,10/1/2016,10,2016,"Napa County, CA"
21964,California,"San Francisco, CA",San Francisco,1200000,11/1/2016,11,2016,"San Francisco County, CA"
21992,California,"Napa, CA",Napa,650000,1/1/2017,1,2017,"Napa County, CA"
22095,California,"Napa, CA",Napa,640000,6/1/2017,6,2017,"Napa County, CA"
22160,California,"San Mateo, CA",San Mateo,1224000,9/1/2017,9,2017,"San Mateo County, CA"
22281,California,"San Francisco, CA",San Francisco,1400000,2/1/2018,2,2018,"San Francisco County, CA"
22337,California,"San Mateo, CA",San Mateo,1500000,5/1/2018,5,2018,"San Mateo County, CA"
22346,California,"Napa, CA",Napa,695000,6/1/2018,6,2018,"Napa County, CA"
22358,California,"San Mateo, CA",San Mateo,1450000,6/1/2018,6,2018,"San Mateo County, CA"
22372,California,"San Francisco, CA",San Francisco,1365000,7/1/2018,7,2018,"San Francisco County, CA"
22411,California,"San Francisco, CA",San Francisco,1400000,10/1/2018,10,2018,"San Francisco County, CA"
22438,California,"Napa, CA",Napa,622000,12/1/2018,12,2018,"Napa County, CA"
22450,California,"San Mateo, CA",San Mateo,1350000,12/1/2018,12,2018,"San Mateo County, CA"
22573,California,"Alameda, CA",Alameda,840000,4/1/2016,4,2016,"Alameda County, CA"
22641,California,"San Mateo, CA",San Mateo,1088000,8/1/2016,8,2016,"San Mateo County, CA"
22656,California,"Santa Clara, CA",Santa Clara,965000,9/1/2016,9,2016,"Santa Clara County, CA"
22688,California,"Santa Clara, CA",Santa Clara,963000,12/1/2016,12,2016,"Santa Clara County, CA"
22757,California,"San Francisco, CA",San Francisco,1310000,6/1/2017,6,2017,"San Francisco County, CA"
22780,California,"Alameda, CA",Alameda,820000,8/1/2017,8,2017,"Alameda County, CA"
22913,California,"Alameda, CA",Alameda,1075000,6/1/2018,6,2018,"Alameda County, CA"
22921,California,"Alameda, CA",Alameda,1063000,7/1/2018,7,2018,"Alameda County, CA"
23044,California,"San Francisco, CA",San Francisco,1405000,6/1/2018,6,2018,"San Francisco County, CA"
23082,California,"Santa Clara, CA",Santa Clara,1319000,8/1/2018,8,2018,"Santa Clara County, CA"
23336,California,"San Mateo, CA",San Mateo,642000,3/1/2012,3,2012,"San Mateo County, CA"
23573,California,"San Mateo, CA",San Mateo,991000,6/1/2015,6,2015,"San Mateo County, CA"
23579,California,"Napa, CA",Napa,547000,8/1/2015,8,2015,"Napa County, CA"
23724,California,"San Mateo, CA",San Mateo,1363000,2/1/2018,2,2018,"San Mateo County, CA"
23733,California,"San Francisco, CA",San Francisco,1453000,3/1/2018,3,2018,"San Francisco County, CA"
23802,California,"Napa, CA",Napa,605000,1/1/2019,1,2019,"Napa County, CA"
24038,California,"San Francisco, CA",San Francisco,1302000,5/1/2017,5,2017,"San Francisco County, CA"
24141,California,"San Mateo, CA",San Mateo,1288000,10/1/2017,10,2017,"San Mateo County, CA"
24167,California,"San Mateo, CA",San Mateo,1379000,11/1/2017,11,2017,"San Mateo County, CA"
24186,California,"San Mateo, CA",San Mateo,1405000,12/1/2017,12,2017,"San Mateo County, CA"
24398,California,"Napa, CA",Napa,640000,10/1/2018,10,2018,"Napa County, CA"
24429,California,"San Francisco, CA",San Francisco,1340000,11/1/2018,11,2018,"San Francisco County, CA"
24489,California,"San Mateo, CA",San Mateo,1185000,2/1/2019,2,2019,"San Mateo County, CA"
24490,California,"San Francisco, CA",San Francisco,1311000,2/1/2019,2,2019,"San Francisco County, CA"
24570,California,"San Mateo, CA",San Mateo,1450000,10/1/2018,10,2018,"San Mateo County, CA"
24629,California,"San Francisco, CA",San Francisco,1200000,8/1/2015,8,2015,"San Francisco County, CA"
24723,California,"San Mateo, CA",San Mateo,1022000,12/1/2015,12,2015,"San Mateo County, CA"
24764,California,"San Mateo, CA",San Mateo,1085000,2/1/2016,2,2016,"San Mateo County, CA"
25005,California,"San Francisco, CA",San Francisco,1200000,12/1/2016,12,2016,"San Francisco County, CA"
25115,California,"San Mateo, CA",San Mateo,1250000,4/1/2017,4,2017,"San Mateo County, CA"
25155,California,"Napa, CA",Napa,630000,7/1/2017,7,2017,"Napa County, CA"
25177,California,"San Francisco, CA",San Francisco,1288000,7/1/2017,7,2017,"San Francisco County, CA"
25269,California,"Napa, CA",Napa,649000,11/1/2017,11,2017,"Napa County, CA"
25374,California,"San Mateo, CA",San Mateo,1443000,3/1/2018,3,2018,"San Mateo County, CA"
25400,California,"San Mateo, CA",San Mateo,1470000,4/1/2018,4,2018,"San Mateo County, CA"
25584,California,"Napa, CA",Napa,641000,11/1/2018,11,2018,"Napa County, CA"
25599,California,"San Mateo, CA",San Mateo,1489000,11/1/2018,11,2018,"San Mateo County, CA"
25629,California,"Santa Clara, CA",Santa Clara,1193000,12/1/2018,12,2018,"Santa Clara County, CA"
25755,California,"San Francisco, CA",San Francisco,1150000,12/1/2015,12,2015,"San Francisco County, CA"
25891,California,"Alameda, CA",Alameda,879000,10/1/2016,10,2016,"Alameda County, CA"
25980,California,"San Francisco, CA",San Francisco,1242000,3/1/2017,3,2017,"San Francisco County, CA"
26250,California,"San Francisco, CA",San Francisco,1400000,8/1/2018,8,2018,"San Francisco County, CA"
26339,California,"Napa, CA",Napa,610000,2/1/2019,2,2019,"Napa County, CA"
26347,California,"Santa Clara, CA",Santa Clara,1250000,2/1/2019,2,2019,"Santa Clara County, CA"
26418,California,"Napa, CA",Napa,610000,8/1/2016,8,2016,"Napa County, CA"
26479,California,"San Francisco, CA",San Francisco,1300000,10/1/2016,10,2016,"San Francisco County, CA"
26564,California,"Napa, CA",Napa,655000,3/1/2017,3,2017,"Napa County, CA"
26609,California,"Napa, CA",Napa,628000,5/1/2017,5,2017,"Napa County, CA"
26763,California,"Alameda, CA",Alameda,931000,12/1/2017,12,2017,"Alameda County, CA"
26801,California,"San Mateo, CA",San Mateo,1350000,1/1/2018,1,2018,"San Mateo County, CA"
26810,California,"Napa, CA",Napa,679000,2/1/2018,2,2018,"Napa County, CA"
26985,California,"San Francisco, CA",San Francisco,1400000,9/1/2018,9,2018,"San Francisco County, CA"
27059,California,"San Francisco, CA",San Francisco,1370000,12/1/2018,12,2018,"San Francisco County, CA"
27260,California,"Santa Clara, CA",Santa Clara,935000,2/1/2017,2,2017,"Santa Clara County, CA"
27277,California,"San Mateo, CA",San Mateo,1260000,3/1/2017,3,2017,"San Mateo County, CA"
27290,California,"Napa, CA",Napa,640000,4/1/2017,4,2017,"Napa County, CA"
27298,California,"San Francisco, CA",San Francisco,1275000,4/1/2017,4,2017,"San Francisco County, CA"
27322,California,"Santa Clara, CA",Santa Clara,1126000,5/1/2017,5,2017,"Santa Clara County, CA"
27375,California,"San Francisco, CA",San Francisco,1300000,8/1/2017,8,2017,"San Francisco County, CA"
27511,California,"Napa, CA",Napa,655000,4/1/2018,4,2018,"Napa County, CA"
27619,California,"Napa, CA",Napa,635000,9/1/2018,9,2018,"Napa County, CA"
27773,California,"Alameda, CA",Alameda,900000,11/1/2017,11,2017,"Alameda County, CA"
27890,California,"San Mateo, CA",San Mateo,936000,1/1/2015,1,2015,"San Mateo County, CA"
27922,California,"Napa, CA",Napa,535000,3/1/2015,3,2015,"Napa County, CA"
28085,California,"San Mateo, CA",San Mateo,1050000,9/1/2015,9,2015,"San Mateo County, CA"
28123,California,"San Mateo, CA",San Mateo,1013000,11/1/2015,11,2015,"San Mateo County, CA"
28157,California,"Napa, CA",Napa,555000,1/1/2016,1,2016,"Napa County, CA"
28207,California,"Santa Clara, CA",Santa Clara,1012000,2/1/2016,2,2016,"Santa Clara County, CA"
28230,California,"San Mateo, CA",San Mateo,1056000,3/1/2016,3,2016,"San Mateo County, CA"
28231,California,"San Francisco, CA",San Francisco,1200000,3/1/2016,3,2016,"San Francisco County, CA"
28253,California,"San Mateo, CA",San Mateo,1100000,4/1/2016,4,2016,"San Mateo County, CA"
28271,California,"San Mateo, CA",San Mateo,1249000,5/1/2016,5,2016,"San Mateo County, CA"
28285,California,"Napa, CA",Napa,600000,6/1/2016,6,2016,"Napa County, CA"
28397,California,"San Mateo, CA",San Mateo,1184000,10/1/2016,10,2016,"San Mateo County, CA"
28405,California,"Napa, CA",Napa,582000,11/1/2016,11,2016,"Napa County, CA"
28498,California,"San Mateo, CA",San Mateo,1268000,2/1/2017,2,2017,"San Mateo County, CA"
28568,California,"San Mateo, CA",San Mateo,1380000,5/1/2017,5,2017,"San Mateo County, CA"
28631,California,"Napa, CA",Napa,631000,8/1/2017,8,2017,"Napa County, CA"
28689,California,"Napa, CA",Napa,584000,10/1/2017,10,2017,"Napa County, CA"
28847,California,"San Francisco, CA",San Francisco,1415000,4/1/2018,4,2018,"San Francisco County, CA"
28859,California,"Napa, CA",Napa,665000,5/1/2018,5,2018,"Napa County, CA"
28907,California,"Napa, CA",Napa,685000,7/1/2018,7,2018,"Napa County, CA"
28924,California,"San Mateo, CA",San Mateo,1375000,7/1/2018,7,2018,"San Mateo County, CA"
28932,California,"Napa, CA",Napa,683000,8/1/2018,8,2018,"Napa County, CA"
29210,California,"San Francisco, CA",San Francisco,1150000,2/1/2015,2,2015,"San Francisco County, CA"
29482,California,"Napa, CA",Napa,630000,2/1/2016,2,2016,"Napa County, CA"
29586,California,"San Mateo, CA",San Mateo,1155000,6/1/2016,6,2016,"San Mateo County, CA"
29587,California,"San Francisco, CA",San Francisco,1248000,6/1/2016,6,2016,"San Francisco County, CA"
29618,California,"San Francisco, CA",San Francisco,1210000,7/1/2016,7,2016,"San Francisco County, CA"
29730,California,"Napa, CA",Napa,573000,12/1/2016,12,2016,"Napa County, CA"
29894,California,"San Mateo, CA",San Mateo,1244000,6/1/2017,6,2017,"San Mateo County, CA"
29917,California,"San Mateo, CA",San Mateo,1309000,7/1/2017,7,2017,"San Mateo County, CA"
29997,California,"San Francisco, CA",San Francisco,1323000,10/1/2017,10,2017,"San Francisco County, CA"
30048,California,"San Francisco, CA",San Francisco,1300000,12/1/2017,12,2017,"San Francisco County, CA"
30059,California,"Napa, CA",Napa,649000,1/1/2018,1,2018,"Napa County, CA"
30241,California,"San Mateo, CA",San Mateo,1500000,8/1/2018,8,2018,"San Mateo County, CA"
30268,California,"San Mateo, CA",San Mateo,1600000,9/1/2018,9,2018,"San Mateo County, CA"
